DROP TABLE IF EXISTS t1;
CREATE TABLE t1 (a INT, b VARCHAR(1), INDEX `foo`(b,a)) ENGINE=MyISAM;
INSERT INTO t1 VALUES (2,'s'),(5,'h'),(3,'q'),(1,'a'),(3,'v'),
(6,'u'),(7,'s'),(5,'y'),(1,'z'),(5,'i'),(2,'y');
SELECT b, max(a) FROM t1 WHERE b = 'i' OR a = 2 GROUP BY b;
b	max(a)
i	5
s	2
y	2
SELECT b, max(a) FROM t1 IGNORE INDEX (foo) WHERE b = 'i' OR a = 2 GROUP BY b;
b	max(a)
i	5
s	2
y	2
